timestamp_ms,rx_size_in_bytes,tx_size_in_bytes
1485174520699,8939,25933
1485174523719,9674,40132
1485174526983,13079,42330
1485174530136,425073,69910
1485174533342,425888,84582
1485174536360,426927,111463
1485174539731,427722,126017
1485174542771,846880,128098
1485174546058,1363682,142930
1485174549076,1364477,157484
1485174552770,1777289,172078
1485174556170,1778272,199283
1485174559188,2201923,213917
1485174562315,2202428,215941
1485174565423,2622642,243071
1485174568876,2867480,257628
1485174571893,3617529,272225
1485174574919,3618369,274587
1485174578093,4025136,289164
1485174581451,4427729,316294
1485174584475,4428422,318358
1485174587493,5390582,332935
1485174590719,5815171,359859
1485174594030,6027538,387009
1485174598602,6652350,401882
1485174601852,7068659,416479
1485174605389,7489605,431354
1485174608410,7825357,445911
1485174611669,8244233,460548
1485174614704,8663986,475145
1485174617732,9082759,489742
1485174620757,9083554,504299
1485174623795,9785313,518916
1485174626876,9830810,533493
1485174629889,9831679,548070
1485174633050,9832372,550114
1485174636208,9833848,589927
1485174639636,9834541,591971
1485174642686,9835336,606528
1485174645705,9836131,621085
1485174648721,9978829,635501
1485174651857,10243110,650077
1485174655266,10244093,664772
1485174658740,10244888,679369
1485174661841,10245683,693926
1485174664978,10247420,708825
1485174668026,10248431,724640
1485174671082,10461732,742264
1485174674484,11201149,759180
1485174679885,12771260,790958
1485174682903,13440661,1155781
1485174686235,13874274,1379788
1485174689625,14405614,1400631
1485174692783,15059760,1418593
1485174695869,15695042,1631158
1485174699158,16123937,1900549
1485174702178,16619420,1917337
1485174705206,17118000,1921919
1485174708698,17537852,1938748
1485174713681,18246437,1969296
1485174716936,18968417,1987332
1485174720307,19383302,2004243
1485174723483,20225809,2022258
1485174726660,20439200,2039973
1485174729687,20866951,2056873
1485174733165,21111788,2615102
1485174736254,21390055,2632986
1485174739537,21391038,2651178
1485174742962,21715967,2667940
1485174746038,21858940,2684722
1485174749169,22073975,2701642
1485174752228,22308517,2718464
1485174756092,22843233,2736317
1485174759215,23107595,2753197
1485174762268,23598681,2769869
1485174766065,24145601,3050844
1485174769090,24146396,3232604
1485174772696,24366260,3251505
1485174776577,25238524,3271662
1485174780352,25676628,3289582
1485174783623,25889614,3321598
1485174787117,26233340,3326914
1485174790555,26955955,3344822
1485174793698,27653226,3362730
1485174798106,28960702,3380776
1485174801670,29363554,3398842
1485174805068,30253296,3692668
1485174808150,30882764,3926252
1485174811466,31092315,3945457
1485174814823,31506130,3963456
1485174818017,32313940,3982731
1485174821902,32528625,4000790
1485174825042,32937952,4018671
1485174828259,33470672,4036572
1485174831276,33897637,4054433
1485174834473,34112742,4072355
1485174837636,35047383,4312302
1485174840954,35498490,4650628
1485174843971,35720763,4668550
1485174848281,36223884,4690094
1485174851841,36705789,4708114
1485174854942,36706584,4711980
1485174858748,37263268,4745364
1485174861875,37667389,4764313
1485174864924,38047083,4768770
1485174868167,38371441,5138941
1485174872795,38890946,5359216
1485174875920,39547932,5379883
1485174879375,39549017,5724860
1485174883238,40729802,5747149
1485174886569,41090875,6054737
1485174890032,41091642,6073735
1485174894754,41304321,6109960
1485174897799,42056790,6131193
1485174900834,42057483,6135658
1485174904664,42759008,6169288
1485174908204,42964590,6497328
1485174911787,43402390,6518658
1485174915605,43832637,6694089
1485174918947,44154309,6717121
1485174922376,44631549,6755910
1485174926025,44632532,6928604
1485174929386,45078880,6948663
1485174936104,46011531,7212104
1485174939150,46411520,7233568
1485174942359,47101474,7253532
1485174945932,47102457,7508413
1485174948956,48064968,7530002
1485174952129,48553942,7535121
1485174955152,48768294,7555210
1485174958791,50039382,7590426
1485174962402,50323253,7847891
1485174965793,50575425,7867957
1485174969099,50891358,8212329
1485174972614,51515746,8485789
1485174976223,51931978,8507436
1485174980822,52850248,8527589
1485174983864,53460387,8547860
1485174986888,54092055,8758174
1485174990096,54092850,8778271
1485174993706,54570085,8784569
1485174997079,55195146,8821889
1485175000833,55427089,9063530
1485175004294,56118853,9370292
1485175007333,56119546,9621703
1485175010824,56856885,9659257
1485175014986,57575987,9679485
1485175018116,58769800,9684626
1485175021760,58999239,9704906
1485175026138,59991091,9968982
1485175029797,60976661,9991322
1485175033076,61192470,10012613
1485175036847,61436519,10017670
1485175040062,61644357,10052884
1485175043746,62102512,10485549
1485175047965,62818426,10505737
1485175051585,63770594,10785929
1485175054942,64284781,11061392
1485175059065,64728012,11070148
1485175062182,64728807,11105219
1485175065478,65254210,11112548
1485175069448,65996968,11132781
1485175072464,66391120,11492959
1485175075945,67361954,11498053
1485175079395,67752801,11519642
1485175082739,68211276,11856272
1485175086791,68782321,11878523
1485175090254,69648520,12150039
1485175093600,69870281,12370938
1485175097402,70313807,12392139
1485175100754,70666887,12404630
1485175103771,70888296,12427729
1485175107457,72531857,12447814
1485175114025,73877235,12731856
1485175117850,74077149,12905642
1485175122406,74832241,13440631
1485175125424,75400986,13475863
1485175128852,75520326,13480939
1485175132576,75730162,13502708
1485175135605,76181882,13537782
1485175139538,77272291,13557847
1485175144084,77273462,14232186
1485175147104,78059427,14238503
1485175150326,79045644,14275728
1485175154325,79254434,14299449
1485175157480,79760307,14319667
1485175161089,80235763,14687989
1485175164723,80763620,14693165
1485175167754,81209715,14732999
1485175171235,81659202,14754335
1485175175064,81871851,14999435
1485175178238,82405600,15021621
1485175181500,82646613,15042984
1485175185712,83114622,15581396
1485175189313,84709386,15603310
1485175193113,85067974,15639375
1485175196858,85324199,15644610
1485175200350,85774850,16023338
1485175204065,86018887,16060487
1485175207706,86255030,16068344
1485175210728,86741880,16344849
1485175214045,87468092,16368010
1485175217205,87899327,16641342
1485175220860,88115084,16927381
1485175224615,88861376,16949763
1485175228161,89806828,16973705
1485175231592,90670695,16996123
1485175235497,91429965,17250221
1485175238943,92457622,17517412
1485175242713,93046740,17693067
1485175246105,93841081,17717584
1485175249699,93970490,17755833
1485175253127,94454293,17907099
1485175256808,94877119,17914194
1485175260253,95277677,17936630
1485175264685,96836324,17975005
1485175268118,97299446,18000141
1485175271136,97573045,18277574
1485175274781,98620925,18304322
1485175278958,98954696,18328964
1485175282074,99408297,18744959
1485175286345,100389853,18786088
1485175290086,100820167,18808245
1485175293156,101306323,19136885
1485175296651,101665582,19159298
1485175300792,102417238,19186044
1485175303819,102872724,19192360
1485175307376,104025838,19477421
1485175310693,104474401,19499716
1485175314031,105260369,19774071
1485175318151,106246796,19797443
1485175321418,107173470,20156946
1485175324439,107174163,20423310
1485175327905,107666533,20449866
1485175331309,108431569,20478013
1485175334487,109120328,20500307
1485175338508,109537453,20542906
1485175341831,109915952,20565170
1485175345074,110733564,20571475
1485175348974,111207750,20828776
1485175352842,111963288,20853436
1485175356226,112882513,20875746
1485175359492,113730893,21412330
1485175362691,114459289,21684605
1485175366013,114460084,21722854
1485175369081,114930325,21747375
1485175373113,115617798,21768733
1485175377082,116025541,21791027
1485175380238,116674737,21829401
1485175383767,117943826,21835717
1485175387468,118344767,22133632
1485175391144,118717757,22384228
1485175394521,119696787,22554537
1485175398145,120046647,22794957
1485175401239,120502518,22802512
1485175404825,121776697,22825172
1485175408399,122622527,22864048
1485175411417,124073452,23085192
1485175414480,125994808,23297839
1485175417659,127936637,23587281
1485175420920,128564740,23932110
1485175423997,130360915,24189632
1485175427014,132143188,24445454
1485175430204,134748248,25042132
1485175433408,136541479,25631054
1485175436562,138510698,25660395
1485175439757,140207618,25892702
1485175442885,141166386,26367062
1485175446250,142895457,26391098
1485175449267,152453142,26402216
1485175452308,161621261,26736155
1485175455434,175063694,26776825
1485175458589,193286216,26785581
1485175461609,194346529,27024840
1485175464625,194347426,27067789
1485175467669,194438936,27166805
1485175470795,195010237,27193494
1485175473811,195011032,27236412
1485175476824,195864057,27560583
