timestamp_ms,memory_size_in_bytes
1485174520699,0
1485174523719,0
1485174526983,0
1485174530136,0
1485174533342,0
1485174536360,0
1485174539731,0
1485174542771,0
1485174546058,0
1485174549076,0
1485174552770,0
1485174556170,0
1485174559188,0
1485174562315,0
1485174565423,0
1485174568876,0
1485174571893,0
1485174574919,0
1485174578093,0
1485174581451,0
1485174584475,0
1485174587493,0
1485174590719,0
1485174594030,0
1485174598602,0
1485174601852,0
1485174605389,0
1485174608410,0
1485174611669,0
1485174614704,0
1485174617732,0
1485174620757,0
1485174623795,0
1485174626876,0
1485174629889,0
1485174633050,0
1485174636208,0
1485174639636,0
1485174642686,0
1485174645705,0
1485174648721,0
1485174651857,0
1485174655266,0
1485174658740,0
1485174661841,0
1485174664978,0
1485174668026,0
1485174671082,0
1485174674484,0
1485174679885,0
1485174682903,0
1485174686235,0
1485174689625,0
1485174692783,0
1485174695869,0
1485174699158,0
1485174702178,0
1485174705206,0
1485174708698,0
1485174713681,0
1485174716936,0
1485174720307,0
1485174723483,0
1485174726660,0
1485174729687,0
1485174733165,0
1485174736254,0
1485174739537,0
1485174742962,0
1485174746038,0
1485174749169,0
1485174752228,0
1485174756092,0
1485174759215,0
1485174762268,0
1485174766065,0
1485174769090,0
1485174772696,0
1485174776577,0
1485174780352,0
1485174783623,0
1485174787117,0
1485174790555,0
1485174793698,0
1485174798106,0
1485174801670,0
1485174805068,0
1485174808150,0
1485174811466,0
1485174814823,0
1485174818017,0
1485174821902,0
1485174825042,0
1485174828259,0
1485174831276,0
1485174834473,0
1485174837636,0
1485174840954,0
1485174843971,0
1485174848281,0
1485174851841,0
1485174854942,0
1485174858748,0
1485174861875,0
1485174864924,0
1485174868167,0
1485174872795,0
1485174875920,0
1485174879375,0
1485174883238,0
1485174886569,0
1485174890032,0
1485174894754,0
1485174897799,0
1485174900834,0
1485174904664,0
1485174908204,0
1485174911787,0
1485174915605,0
1485174918947,0
1485174922376,0
1485174926025,0
1485174929386,0
1485174936104,0
1485174939150,0
1485174942359,0
1485174945932,0
1485174948956,0
1485174952129,0
1485174955152,0
1485174958791,0
1485174962402,0
1485174965793,0
1485174969099,0
1485174972614,0
1485174976223,0
1485174980822,0
1485174983864,0
1485174986888,0
1485174990096,0
1485174993706,0
1485174997079,0
1485175000833,0
1485175004294,0
1485175007333,0
1485175010824,0
1485175014986,0
1485175018116,0
1485175021760,0
1485175026138,0
1485175029797,0
1485175033076,0
1485175036847,0
1485175040062,0
1485175043746,0
1485175047965,0
1485175051585,0
1485175054942,0
1485175059065,0
1485175062182,0
1485175065478,0
1485175069448,0
1485175072464,0
1485175075945,0
1485175079395,0
1485175082739,0
1485175086791,0
1485175090254,0
1485175093600,0
1485175097402,0
1485175100754,0
1485175103771,0
1485175107457,0
1485175114025,0
1485175117850,0
1485175122406,0
1485175125424,0
1485175128852,0
1485175132576,0
1485175135605,0
1485175139538,0
1485175144084,0
1485175147104,0
1485175150326,0
1485175154325,0
1485175157480,0
1485175161089,0
1485175164723,0
1485175167754,0
1485175171235,0
1485175175064,0
1485175178238,0
1485175181500,0
1485175185712,0
1485175189313,0
1485175193113,0
1485175196858,0
1485175200350,0
1485175204065,0
1485175207706,0
1485175210728,0
1485175214045,0
1485175217205,0
1485175220860,0
1485175224615,0
1485175228161,0
1485175231592,0
1485175235497,0
1485175238943,0
1485175242713,0
1485175246105,0
1485175249699,0
1485175253127,0
1485175256808,0
1485175260253,0
1485175264685,0
1485175268118,0
1485175271136,0
1485175274781,0
1485175278958,0
1485175282074,0
1485175286345,0
1485175290086,0
1485175293156,0
1485175296651,0
1485175300792,0
1485175303819,0
1485175307376,0
1485175310693,0
1485175314031,0
1485175318151,0
1485175321418,0
1485175324439,0
1485175327905,0
1485175331309,0
1485175334487,0
1485175338508,0
1485175341831,0
1485175345074,0
1485175348974,0
1485175352842,0
1485175356226,0
1485175359492,0
1485175362691,0
1485175366013,0
1485175369081,0
1485175373113,0
1485175377082,0
1485175380238,0
1485175383767,0
1485175387468,0
1485175391144,0
1485175394521,0
1485175398145,0
1485175401239,0
1485175404825,0
1485175408399,0
1485175411417,0
1485175414480,0
1485175417659,0
1485175420920,0
1485175423997,0
1485175427014,0
1485175430204,0
1485175433408,0
1485175436562,0
1485175439757,0
1485175442885,0
1485175446250,0
1485175449267,0
1485175452308,0
1485175455434,0
1485175458589,0
1485175461609,0
1485175464625,0
1485175467669,0
1485175470795,0
1485175473811,0
1485175476824,0
