timestamp_ms,1-/usr/lib/systemd/systemd_--switched-root,1409-/sbin/rsyslogd_-n,1986-/usr/bin/memcached_-u_memcached_-p_11211,4689-cat
1424904533000,53216,249612,314820,107916
1424904535000,53216,249612,314820,107916
1424904538000,53216,249612,314820,107916
1424904541000,53216,249612,314820,107916
1424904544000,53216,249612,314820,107916
1424904547000,53216,249612,314820,107916
1424904550000,53216,249612,314820,107916
1424904553000,53216,249612,314820,107916
1424904556000,53216,249612,314820,107916
1424904559000,53216,249612,314820,107916
1424904562000,53216,249612,314820,107916
1424904565000,53216,249612,314820,107916
1424904568000,53216,249612,314820,107916
1424904571000,53216,249612,314820,107916
1424904574000,53216,249612,314820,107916
1424904577000,53216,249612,314820,107916
1424904580000,53216,249612,314820,107916
1424904583000,53216,249612,314820,107916
1424904586000,53216,249612,314820,107916
1424904589000,53216,249612,314820,107916
1424904592000,53216,249612,314820,107916
