timestamp_ms,1-/usr/lib/systemd/systemd_--switched-root,10-rcuos/2,100-kswapd0,101-fsnotify_mark,10201-/usr/bin/python_/usr/share/system-config,1033-kworker/7:1H,1054-/usr/lib/systemd/systemd-journald,1080-/usr/sbin/lvmetad_-f,1084-/usr/lib/systemd/systemd-udevd,10979-pickup_-l_-t_unix_-u,11-rcuos/3,111-kthrotld,112-acpi_thermal_pm,114-scsi_eh_0,115-scsi_tmf_0,116-scsi_eh_1,117-scsi_tmf_1,118-scsi_eh_2,1183-kvm-irqfd-clean,1184-ktpacpid,119-scsi_tmf_2,1197-cfg80211,1198-irq/47-iwlwifi,12-rcuos/4,120-scsi_eh_3,1205-hd-audio0,1208-iwlwifi,121-scsi_tmf_3,122-scsi_eh_4,12227-kworker/1:2,123-scsi_tmf_4,124-scsi_eh_5,125-scsi_tmf_5,13-rcuos/5,131-kpsmoused,133-dm_bufio_cache,134-ipv6_addrconf,1345-kdmflush,1346-bioset,135-deferwq,1356-jbd2/sda3-8,1357-ext4-rsv-conver,1369-jbd2/dm-3-8,1370-ext4-rsv-conver,1376-/sbin/auditd_-n,1385-/usr/sbin/alsactl_-s_-n_19_-c_-E_ALSA_CO,1387-/sbin/audispd,1388-/usr/sbin/sedispatch,1391-/usr/libexec/bluetooth/bluetoothd,1393-/usr/bin/python_-Es_/usr/sbin/firewalld_,1394-/usr/libexec/accounts-daemon,14-rcuos/6,1401-/usr/libexec/rtkit-daemon,1405-/usr/sbin/abrtd_-d_-s,1406-/usr/bin/abrt-watch-log_-F_Backtrace_/va,1408-/usr/bin/abrt-watch-log_-F_BUG:_WARNING:,1409-/sbin/rsyslogd_-n,1411-/sbin/rpcbind_-w,1412-/sbin/rngd_-f,1418-avahi-daemon:_running_[alphaville.local],1420-/usr/sbin/irqbalance_--foreground,1421-/usr/sbin/cupsd_-f,1427-/usr/sbin/restorecond_-d,1428-/usr/sbin/gpm_-m_/dev/input/mice_-t_exps,1432-/usr/sbin/smartd_-n_-q_never,1433-/usr/lib/systemd/systemd-logind,1434-/bin/dbus-daemon_--system_--address=syst,14418-kworker/7:1,1443-/usr/sbin/mcelog_--ignorenodev_--daemon_,1446-/usr/sbin/chronyd,1455-avahi-daemon:_chroot_helper,1487-/usr/sbin/cups-browsed,15-rcuos/7,16-rcu_bh,165-kauditd,17-rcuob/0,1701-/usr/bin/python_/usr/bin/carbon-cache_--,1704-/usr/libexec/colord,1705-/usr/sbin/NetworkManager_--no-daemon,1722-/usr/sbin/wpa_supplicant_-u_-f_/var/log/,175-iprt,17820-bash,17911-htop,18-rcuob/1,18002-bash,18116-emacs,18127-/bin/bash_--noediting_-i,18727-/usr/lib/polkit-1/polkitd_--no-debug,18859-sudo_bash,18860-bash,18950-/usr/bin/python2_-tt_/usr/share/virt-man,18955-dbus-launch_--autolaunch=ae52868858514ad,18957-/bin/dbus-daemon_--fork_--print-pid_5_--,18961-/usr/libexec/dconf-service,19-rcuob/2,19352-/usr/lib64/firefox/firefox,19577-/usr/lib/systemd/systemd-machined,1985-/usr/sbin/collectd_-C_/etc/collectd.conf,1986-/usr/bin/memcached_-u_memcached_-p_11211,1995-/usr/sbin/libvirtd,19995-kworker/6:2,2-kthreadd,20-rcuob/3,2002-/usr/sbin/xinetd_-stayalive_-pidfile_/va,2033-/usr/sbin/sshd_-D,2045-rpciod,2051-/usr/bin/postgres_-D_/var/lib/pgsql/data,2053-nfsiod,2074-/sbin/rpc.statd,20820-kworker/7:0,21-rcuob/4,21170-kworker/5:0,21339-kworker/5:2,21478-kworker/u16:1,2174-postgres:_logger_process,2182-postgres:_checkpointer_process,2183-postgres:_writer_process,2184-postgres:_wal_writer_process,2185-postgres:_autovacuum_launcher_process,2186-postgres:_stats_collector_process,22-rcuob/5,2257-/usr/libexec/postfix/master_-w,2262-qmgr_-l_-t_unix_-u,22632-kworker/2:1,22701-kworker/4:2,22724-kworker/1:1,22860-kworker/u16:2,22869-kworker/0:2,22897-kworker/4:0,23-rcuob/6,23032-kworker/0:0,23077-kworker/2:2,23160-kworker/6:0,23167-kworker/3:0,23247-KVMguest--f20-1,23294-vhost-23247,23295-vhost-23247,23322-kvm-pit/23247,23396-kworker/u16:0,23397-kworker/4:1,23418-KVMguest--f20-2,23434-vhost-23418,23457-kvm-pit/23418,23636-kworker/0:1,23801-kworker/7:2,24-rcuob/7,2403-/sbin/dnsmasq_--conf-file=/var/lib/libvi,2411-/usr/sbin/httpd_-DFOREGROUND,2415-/usr/sbin/crond_-n,25-migration/0,25106-/bin/bash_/opt/pbench/bench-scripts/pben,25142-kworker/6:1,25200-SCREEN_-dmS_pbench-tool-sar-default-1-ra,25214-SCREEN_-dmS_pbench-tool-iostat-default-1,25228-SCREEN_-dmS_pbench-tool-mpstat-default-1,25242-SCREEN_-dmS_pbench-tool-pidstat-default-,25256-SCREEN_-dmS_pbench-tool-proc-vmstat-defa,25270-SCREEN_-dmS_pbench-tool-proc-interrupts-,25284-SCREEN_-dmS_pbench-tool-turbostat-defaul,25298-SCREEN_-dmS_pbench-tool-perf-default-1-r,25328-/bin/sh_/var/lib/pbench/fio__2015-02-25_,25329-/bin/sh_/var/lib/pbench/fio__2015-02-25_,25330-/bin/sh_/var/lib/pbench/fio__2015-02-25_,25331-/bin/sh_/var/lib/pbench/fio__2015-02-25_,25332-/bin/sh_/var/lib/pbench/fio__2015-02-25_,25334-/bin/sh_/var/lib/pbench/fio__2015-02-25_,25335-/bin/sh_/var/lib/pbench/fio__2015-02-25_,25336-/bin/sh_/var/lib/pbench/fio__2015-02-25_,25337-/bin/bash_/opt/pbench/tool-scripts/sar_-,25338-/bin/bash_/opt/pbench/tool-scripts/proc-,25339-/bin/bash_/opt/pbench/tool-scripts/proc-,25341-/bin/bash_/opt/pbench/tool-scripts/perf_,25343-/bin/bash_/opt/pbench/tool-scripts/pidst,25347-/bin/bash_/opt/pbench/tool-scripts/turbo,25354-/bin/bash_/opt/pbench/tool-scripts/iosta,25355-/bin/bash_/opt/pbench/tool-scripts/mpsta,25524-/bin/bash_/opt/pbench/tool-scripts/datal,25529-/usr/local/bin/iostat_-N_-t_-y_-x_-m_3,25543-/usr/bin/perf_record_-a_--freq=100,25544-/usr/local/bin/mpstat_-P_ALL_3,25545-/usr/local/bin/sar_-A_-o_/var/lib/pbench,25546-sadc_3_-z_-S_XALL_/var/lib/pbench/fio__2,25552-/usr/local/bin/pidstat_-l_-w_-u_-h_-d_-r,25557-/bin/bash_/opt/pbench/tool-scripts/datal,25562-/bin/bash_/opt/pbench/tool-scripts/datal,25563-/usr/bin/turbostat_-i_3,25564-/usr/bin/perl_/opt/pbench/util-scripts/l,25568-sleep_3,25584-/usr/local/bin/fio_--output-format=json_,25585-tee_/var/lib/pbench/fio__2015-02-25_17:4,25587-kworker/1:0,25588-kworker/3:1,25601-kworker/5:1,25602-kworker/2:0,25605-/usr/local/bin/fio_--output-format=json_,25608-sleep_3,25609-sleep_3,25640-sleep_3,25641-sleep_3,25659-sleep_3,25660-sleep_3,25665-sleep_3,25666-sleep_3,25671-sleep_3,25672-sleep_3,25677-sleep_3,25678-sleep_3,25683-sleep_3,25684-sleep_3,25689-sleep_3,25690-sleep_3,25695-sleep_3,25696-sleep_3,25701-sleep_3,25702-sleep_3,25707-sleep_3,25708-sleep_3,25713-sleep_3,25714-sleep_3,25720-sleep_3,25721-sleep_3,25727-sleep_3,25728-sleep_3,25733-sleep_3,25734-sleep_3,25743-sleep_3,25744-sleep_3,25768-sleep_3,25769-sleep_3,25770-ssh_gprfs001,25776-sleep_3,25777-sleep_3,25782-sleep_3,25783-sleep_3,25788-sleep_3,25789-sleep_3,26-watchdog/0,27-watchdog/1,28-migration/1,2888-/usr/sbin/atd_-f,2890-/usr/sbin/gdm,2893-/usr/libexec/gdm-simple-slave_--display-,29-ksoftirqd/1,2914-/usr/bin/Xorg_:0_-background_none_-verbo,29841-kworker/3:2,3-ksoftirqd/0,301-firewire,305-firewire_ohci,31-kworker/1:0H,31040-irq/45-mei_me,31041-irq/16-mmc0,31042-kworker/u17:0,31043-hci0,31044-hci0,31045-kworker/u17:1,31130-/sbin/dhclient_-d_-sf_/usr/libexec/nm-dh,31131-/sbin/dhclient_-d_-sf_/usr/libexec/nm-dh,316-/opt/google/chrome/chrome_--type=rendere,32-watchdog/2,328-kworker/2:1H,329-kworker/0:1H,33-migration/2,330-kworker/3:1H,335-kworker/1:1H,34-ksoftirqd/2,3427-/usr/sbin/httpd_-DFOREGROUND,3428-/usr/sbin/httpd_-DFOREGROUND,3429-/usr/sbin/httpd_-DFOREGROUND,3431-/usr/sbin/httpd_-DFOREGROUND,3432-/usr/sbin/httpd_-DFOREGROUND,3434-/usr/lib/systemd/systemd_--user,3436-(sd-pam),3468-/usr/libexec/upowerd,36-kworker/2:0H,3646-gdm-session-worker_[pam/gdm-password],3655-/usr/lib/systemd/systemd_--user,3658-(sd-pam),3661-/usr/bin/gnome-keyring-daemon_--daemoniz,3663-cinnamon-session_--session_cinnamon,3676-dbus-launch_--sh-syntax_--exit-with-sess,3677-/bin/dbus-daemon_--fork_--print-pid_4_--,3689-/usr/libexec/imsettings-daemon,3692-/usr/libexec/gvfsd,37-watchdog/3,3741-/usr/libexec//gvfsd-fuse_/run/user/1000/,3760-/usr/bin/ssh-agent_/bin/sh_-c_exec_-l_/b,3791-/usr/libexec/at-spi-bus-launcher,3795-/bin/dbus-daemon_--config-file=/etc/at-s,3799-/usr/libexec/at-spi2-registryd_--use-gno,38-migration/3,3809-/usr/libexec/cinnamon-settings-daemon,3822-/usr/bin/pulseaudio_--start,3835-/usr/libexec/pulse/gconf-helper,3837-/usr/libexec/gconfd-2,3844-/usr/libexec/gvfs-udisks2-volume-monitor,3846-/usr/lib/udisks2/udisksd_--no-debug,3855-/usr/libexec/gvfs-afc-volume-monitor,3861-/usr/libexec/gvfs-gphoto2-volume-monitor,3866-/usr/bin/python_/usr/bin/cinnamon-launch,3875-/usr/libexec/csd-locate-pointer,3880-/usr/libexec/csd-printer,3881-cinnamon_--replace,39-ksoftirqd/3,3913-/usr/libexec/tracker-store,3916-/usr/bin/seapplet,3919-nemo_-n,3942-/usr/libexec/polkit-gnome-authentication,4020-abrt-applet,4036-/usr/bin/python_-Es_/usr/bin/firewall-ap,4095-nm-applet,41-kworker/3:0H,4186-/usr/libexec/evolution/3.10/evolution-al,4187-/usr/libexec/tracker-miner-fs,4194-/usr/libexec/dconf-service,4199-/usr/libexec/gvfsd-trash_--spawner_:1.3_,42-watchdog/4,4225-/usr/bin/ibus-daemon_-r_--xim,4229-/usr/libexec/ibus-dconf,4230-/usr/libexec/ibus-ui-gtk3,4261-/usr/libexec/ibus-x11_--kill-daemon,4269-/usr/libexec/ibus-engine-simple,4272-/usr/bin/python3_/usr/share/ibus-typing-,4283-/usr/libexec/evolution-source-registry,4293-/usr/libexec/goa-daemon,4299-/usr/libexec/evolution-calendar-factory,43-migration/4,4302-/usr/libexec/mission-control-5,44-ksoftirqd/4,4410-/usr/libexec/gvfsd-metadata,4449-cinnamon-screensaver,4458-/usr/libexec/gnome-terminal-server,4465-gnome-pty-helper,4467-bash,4563-/usr/bin/python_/usr/share/system-config,46-kworker/4:0H,4672-/bin/bash_/home/nick/bin/znc,4673-/usr/bin/emacs_--geometry_150x60_-q_-l_/,4679-/opt/google/chrome/chrome,4688-cat,4689-cat,4691-/opt/google/chrome/chrome-sandbox_/opt/g,4692-/opt/google/chrome/chrome_--type=zygote,4697-/opt/google/chrome/chrome-sandbox_/opt/g,4698-/opt/google/chrome/nacl_helper,47-watchdog/5,4700-/opt/google/chrome/chrome_--type=zygote,4741-/opt/google/chrome/chrome_--type=gpu-pro,4745-/opt/google/chrome/chrome_--type=gpu-bro,4767-/opt/google/chrome/chrome_--type=rendere,48-migration/5,4805-/usr/libexec/deja-dup/deja-dup-monitor,49-ksoftirqd/5,4977-/usr/lib/systemd/systemd_--user,4984-(sd-pam),5-kworker/0:0H,51-kworker/5:0H,52-watchdog/6,5295-/usr/lib/systemd/systemd_--user,53-migration/6,5302-(sd-pam),54-ksoftirqd/6,56-kworker/6:0H,57-watchdog/7,58-migration/7,59-ksoftirqd/7,61-kworker/7:0H,62-khelper,63-kdevtmpfs,64-netns,65-writeback,66-ksmd,67-khugepaged,68-crypto,69-kintegrityd,7-rcu_sched,70-bioset,7007-bash,7099-ssh_perf42,71-kblockd,7130-/opt/google/chrome/chrome_--type=rendere,7166-/opt/google/chrome/chrome_--type=rendere,72-ata_sff,73-khubd,7354-/opt/google/chrome/chrome_--type=rendere,74-md,8-rcuos/0,8231-/bin/bash_--noediting_-i,839-kworker/6:1H,867-kdmflush,868-bioset,869-kcryptd_io,870-kcryptd,871-bioset,873-kworker/5:1H,9-rcuos/1,942-kdmflush,943-bioset,950-kdmflush,951-bioset,954-kworker/4:1H,975-jbd2/dm-2-8,976-ext4-rsv-conver
1424904533000,53216,0,0,0,980920,0,91768,106952,46424,93784,0,0,0,0,0,0,0,0,0,0,0,0,0,0,0,0,0,0,0,0,0,0,0,0,0,0,0,0,0,0,0,0,0,0,51192,16776,80216,26208,30200,329616,373104,0,164620,212024,209556,209556,249612,42004,4300,30296,19140,197664,44064,7488,26564,34700,38572,0,6476,100644,30036,108268,0,0,0,0,314884,397888,448196,53312,0,116968,123184,0,116968,713988,116856,522444,204976,116976,2098588,16032,37156,181212,0,1908132,24084,944824,314820,1138000,0,0,0,27696,82824,0,336676,0,46576,0,0,0,0,0,192356,336676,336676,336676,337496,192352,0,93680,93972,0,0,0,0,0,0,0,0,0,0,0,5107360,0,0,0,0,0,6050208,0,0,0,0,0,15540,480788,126320,0,113292,0,126092,126092,126092,126092,126092,126092,126092,126092,113152,113152,113152,113152,113152,113152,113152,113152,113156,113156,113156,113156,113156,113156,113156,113156,113156,107912,59084,107904,107976,107964,108496,113156,113152,4324,135144,107896,245784,107896,0,0,0,0,0,0,0,0,0,0,0,0,0,0,0,0,0,0,0,0,0,0,0,0,0,0,0,0,0,0,0,0,0,0,0,0,0,0,0,0,0,0,0,0,0,0,0,0,0,25940,299088,382740,0,623388,0,0,0,0,0,0,0,0,0,0,0,102204,102204,976308,0,0,0,0,0,0,0,570276,570276,570276,570276,570276,44792,92324,444708,0,385304,44788,92324,578508,536000,13936,38632,395788,309452,0,359524,53168,364768,36976,129612,0,1229968,497396,129352,149996,403312,364712,436072,320072,396332,358192,520232,2121132,0,568788,273208,937228,357440,532016,714680,761568,0,866388,684756,181044,467748,0,475240,391276,614936,416152,317576,414812,1178104,640596,1160260,0,333288,0,235172,589676,778328,8448,116968,369856,0,113152,596388,1124824,107916,107916,6456,478760,6456,129700,0,495152,844312,461896,839464,0,483016,0,44792,92324,0,0,0,44792,0,92324,0,0,0,0,0,0,0,0,0,0,0,0,0,0,0,0,116968,78436,0,857332,856276,0,0,876244,0,0,116856,0,0,0,0,0,0,0,0,0,0,0,0,0,0,0
1424904535000,53216,0,0,0,980920,0,91768,106952,46424,93784,0,0,0,0,0,0,0,0,0,0,0,0,0,0,0,0,0,0,0,0,0,0,0,0,0,0,0,0,0,0,0,0,0,0,51192,16776,80216,26208,30200,329616,373104,0,164620,212024,209556,209556,249612,42004,4300,30296,19140,197664,44064,7488,26564,34700,38572,0,6476,100644,30036,108268,0,0,0,0,314884,397888,448196,53312,0,116968,123184,0,116968,713988,116856,522444,204976,116976,2098588,16032,37156,181212,0,1908132,24084,944824,314820,1138000,0,0,0,27696,82824,0,336676,0,46576,0,0,0,0,0,192356,336676,336676,336676,337496,192352,0,93680,93972,0,0,0,0,0,0,0,0,0,0,0,5107360,0,0,0,0,0,6050208,0,0,0,0,0,15540,480788,126320,0,113292,0,126092,126092,126092,126092,126092,126092,126092,126092,113152,113152,113152,113152,113152,113152,113152,113152,113156,113156,113156,113156,113156,113156,113156,113156,113156,107912,59084,107904,107976,107964,108496,113156,113152,4328,135144,0,245916,107896,0,0,0,0,290912,107896,107896,0,0,0,0,0,0,0,0,0,0,0,0,0,0,0,0,0,0,0,0,0,0,0,0,0,0,0,0,0,0,0,0,0,0,0,0,0,0,0,0,0,0,25940,299088,382740,0,623568,0,0,0,0,0,0,0,0,0,0,0,102204,102204,976308,0,0,0,0,0,0,0,570276,570276,570276,570276,570276,44792,92324,444708,0,385304,44788,92324,578508,536000,13936,38632,395788,309452,0,359524,53168,364768,36976,129612,0,1229968,497396,129352,149996,403312,364712,436072,320072,396332,358192,520232,2121132,0,568788,273208,937228,357440,532016,714680,761568,0,866388,684756,181044,467748,0,475240,391276,614936,416152,317576,414812,1178104,640596,1160260,0,333288,0,235172,589676,778328,8448,116968,369856,0,113152,596388,1124824,107916,107916,6456,478760,6456,129700,0,495152,844312,461896,839464,0,483016,0,44792,92324,0,0,0,44792,0,92324,0,0,0,0,0,0,0,0,0,0,0,0,0,0,0,0,116968,78436,0,857332,856276,0,0,876244,0,0,116856,0,0,0,0,0,0,0,0,0,0,0,0,0,0,0
1424904538000,53216,0,0,0,980920,0,91768,106952,46424,93784,0,0,0,0,0,0,0,0,0,0,0,0,0,0,0,0,0,0,0,0,0,0,0,0,0,0,0,0,0,0,0,0,0,0,51192,16776,80216,26208,30200,329616,373104,0,164620,212024,209556,209556,249612,42004,4300,30296,19140,197664,44064,7488,26564,34700,38572,0,6476,100644,30036,108268,0,0,0,0,314884,397888,448196,53312,0,116968,123184,0,116968,713988,116856,522444,204976,116976,2098588,16032,37156,181212,0,1908196,24084,944824,314820,1138000,0,0,0,27696,82824,0,336676,0,46576,0,0,0,0,0,192356,336676,336676,336676,337496,192352,0,93680,93972,0,0,0,0,0,0,0,0,0,0,0,5295868,0,0,0,0,0,6148560,0,0,0,0,0,15540,480788,126320,0,113292,0,126092,126092,126092,126092,126092,126092,126092,126092,113152,113152,113152,113152,113152,113152,113152,113152,113156,113156,113156,113156,113156,113156,113156,113156,113156,107912,59084,107904,107976,107964,108496,113156,113152,4328,135144,0,245916,107896,0,0,0,0,290912,0,0,107896,107896,0,0,0,0,0,0,0,0,0,0,0,0,0,0,0,0,0,0,0,0,0,0,0,0,0,0,0,0,0,0,0,0,0,0,0,0,0,0,0,0,25940,299088,382740,0,623488,0,0,0,0,0,0,0,0,0,0,0,102204,102204,976308,0,0,0,0,0,0,0,570276,570276,570276,570276,570276,44792,92324,444708,0,385304,44788,92324,578508,536000,13936,38632,395788,309452,0,359524,53168,364768,36976,129612,0,1229968,497396,129352,149996,403312,364712,436072,320072,396332,358192,520232,2121132,0,568788,273208,937228,357440,532016,714680,761568,0,866388,684756,181044,467748,0,475240,391276,614936,416152,317576,414812,1178104,640596,1160260,0,333288,0,235172,589676,778328,8448,116968,369856,0,113152,596388,1124824,107916,107916,6456,478760,6456,129700,0,495152,844312,461896,839464,0,483016,0,44792,92324,0,0,0,44792,0,92324,0,0,0,0,0,0,0,0,0,0,0,0,0,0,0,0,116968,78436,0,857332,856276,0,0,876244,0,0,116856,0,0,0,0,0,0,0,0,0,0,0,0,0,0,0
1424904541000,53216,0,0,0,980920,0,91768,106952,46424,93784,0,0,0,0,0,0,0,0,0,0,0,0,0,0,0,0,0,0,0,0,0,0,0,0,0,0,0,0,0,0,0,0,0,0,51192,16776,80216,26208,30200,329616,373104,0,164620,212024,209556,209556,249612,42004,4300,30296,19140,197664,44064,7488,26564,34700,38572,0,6476,100644,30036,108268,0,0,0,0,314884,397888,448196,53312,0,116968,123184,0,116968,713988,116856,522444,204976,116976,2098588,16032,37156,181212,0,1908196,24084,944824,314820,1138000,0,0,0,27696,82824,0,336676,0,46576,0,0,0,0,0,192356,336676,336676,336676,337496,192352,0,93680,93972,0,0,0,0,0,0,0,0,0,0,0,5295868,0,0,0,0,0,6148560,0,0,0,0,0,15540,480788,126320,0,113292,0,126092,126092,126092,126092,126092,126092,126092,126092,113152,113152,113152,113152,113152,113152,113152,113152,113156,113156,113156,113156,113156,113156,113156,113156,113156,107912,59084,107904,107976,107964,108496,113156,113152,4328,135144,0,245916,107896,0,0,0,0,290912,0,0,0,0,107896,107896,0,0,0,0,0,0,0,0,0,0,0,0,0,0,0,0,0,0,0,0,0,0,0,0,0,0,0,0,0,0,0,0,0,0,0,0,0,0,25940,299088,382740,0,623488,0,0,0,0,0,0,0,0,0,0,0,102204,102204,976308,0,0,0,0,0,0,0,570276,570276,570276,570276,570276,44792,92324,444708,0,385304,44788,92324,578508,536000,13936,38632,395788,309452,0,359524,53168,364768,36976,129612,0,1229968,497396,129352,149996,403312,364712,436072,320072,396332,358192,520232,2121168,0,568788,273208,937228,357440,532016,714680,761568,0,866388,684756,181044,467748,0,475240,391276,614936,416152,317576,414812,1178104,640596,1160260,0,333288,0,235172,589676,778328,8448,116968,369856,0,113152,596388,1124824,107916,107916,6456,478760,6456,129700,0,495152,844312,461896,839464,0,483016,0,44792,92324,0,0,0,44792,0,92324,0,0,0,0,0,0,0,0,0,0,0,0,0,0,0,0,116968,78436,0,857332,856276,0,0,876244,0,0,116856,0,0,0,0,0,0,0,0,0,0,0,0,0,0,0
1424904544000,53216,0,0,0,980920,0,91768,106952,46424,93784,0,0,0,0,0,0,0,0,0,0,0,0,0,0,0,0,0,0,0,0,0,0,0,0,0,0,0,0,0,0,0,0,0,0,51192,16776,80216,26208,30200,329616,373104,0,164620,212024,209556,209556,249612,42004,4300,30296,19140,197664,44064,7488,26564,34700,38572,0,6476,100644,30036,108268,0,0,0,0,314884,397888,448196,53312,0,116968,123184,0,116968,713988,116856,522444,204976,116976,2098588,16032,37156,181212,0,1908196,24084,944824,314820,1138000,0,0,0,27696,82824,0,336676,0,46576,0,0,0,0,0,192356,336676,336676,336676,337496,192352,0,93680,93972,0,0,0,0,0,0,0,0,0,0,0,5255932,0,0,0,0,0,6148560,0,0,0,0,0,15540,480788,126320,0,113292,0,126092,126092,126092,126092,126092,126092,126092,126092,113152,113152,113152,113152,113152,113152,113152,113152,113156,113156,113156,113156,113156,113156,113156,113156,113156,107912,59084,107904,107976,107964,108496,113156,113152,4328,135144,0,245916,107896,0,0,0,0,290912,0,0,0,0,0,0,107896,107896,0,0,0,0,0,0,0,0,0,0,0,0,0,0,0,0,0,0,0,0,0,0,0,0,0,0,0,0,0,0,0,0,0,0,0,0,25940,299088,382740,0,623488,0,0,0,0,0,0,0,0,0,0,0,102204,102204,976308,0,0,0,0,0,0,0,570276,570276,570276,570276,570276,44792,92324,444708,0,385304,44788,92324,578508,536000,13936,38632,395788,309452,0,359524,53168,364768,36976,129612,0,1229968,497396,129352,149996,403312,364712,436072,320072,396332,358192,520232,2121168,0,568788,273208,937228,357440,532016,714680,761568,0,866388,684756,181044,467748,0,475240,391276,614936,416152,317576,414812,1178104,640596,1160260,0,333288,0,235172,589676,778328,8448,116968,369856,0,113152,596388,1124824,107916,107916,6456,478760,6456,129700,0,495152,844312,461896,839464,0,483016,0,44792,92324,0,0,0,44792,0,92324,0,0,0,0,0,0,0,0,0,0,0,0,0,0,0,0,116968,78436,0,857332,856276,0,0,876244,0,0,116856,0,0,0,0,0,0,0,0,0,0,0,0,0,0,0
1424904547000,53216,0,0,0,980920,0,91768,106952,46424,93784,0,0,0,0,0,0,0,0,0,0,0,0,0,0,0,0,0,0,0,0,0,0,0,0,0,0,0,0,0,0,0,0,0,0,51192,16776,80216,26208,30200,329616,373104,0,164620,212024,209556,209556,249612,42004,4300,30296,19140,197664,44064,7488,26564,34700,38572,0,6476,100644,30036,108268,0,0,0,0,314884,397888,448196,53312,0,116968,123184,0,116968,713988,116856,522444,204976,116976,2098588,16032,37156,181212,0,1908196,24084,944824,314820,1138000,0,0,0,27696,82824,0,336676,0,46576,0,0,0,0,0,192356,336676,336676,336676,337496,192352,0,93680,93972,0,0,0,0,0,0,0,0,0,0,0,5255932,0,0,0,0,0,6148560,0,0,0,0,0,15540,480788,126320,0,113292,0,126092,126092,126092,126092,126092,126092,126092,126092,113152,113152,113152,113152,113152,113152,113152,113152,113156,113156,113156,113156,113156,113156,113156,113156,113156,107912,59084,107904,107976,107964,108496,113156,113152,4328,135144,0,245916,107896,0,0,0,0,290912,0,0,0,0,0,0,0,0,107896,107896,0,0,0,0,0,0,0,0,0,0,0,0,0,0,0,0,0,0,0,0,0,0,0,0,0,0,0,0,0,0,0,0,0,0,25940,299088,382740,0,623536,0,0,0,0,0,0,0,0,0,0,0,102204,102204,976308,0,0,0,0,0,0,0,570276,570276,570276,570276,570276,44792,92324,444708,0,385304,44788,92324,578508,536000,13936,38632,395788,309452,0,359524,53168,364768,36976,129612,0,1229968,497396,129352,149996,403312,364712,436072,320072,396332,358192,520232,2121168,0,568788,273208,937228,357440,532016,714680,761568,0,866388,684756,181044,467748,0,475240,391276,614936,416152,317576,414812,1178104,640596,1160260,0,333288,0,235172,589676,778328,8448,116968,369856,0,113152,596388,1124824,107916,107916,6456,478760,6456,129700,0,495152,844312,461896,839464,0,483016,0,44792,92324,0,0,0,44792,0,92324,0,0,0,0,0,0,0,0,0,0,0,0,0,0,0,0,116968,78436,0,857332,856276,0,0,876244,0,0,116856,0,0,0,0,0,0,0,0,0,0,0,0,0,0,0
1424904550000,53216,0,0,0,980920,0,91768,106952,46424,93784,0,0,0,0,0,0,0,0,0,0,0,0,0,0,0,0,0,0,0,0,0,0,0,0,0,0,0,0,0,0,0,0,0,0,51192,16776,80216,26208,30200,329616,373104,0,164620,212024,209556,209556,249612,42004,4300,30296,19140,197664,44064,7488,26564,34700,38572,0,6476,100644,30036,108332,0,0,0,0,314884,397888,448196,53312,0,116968,123184,0,116968,713988,116856,522444,204976,116976,2098588,16032,37156,181212,0,1908196,24084,944824,314820,1138000,0,0,0,27696,82824,0,336676,0,46576,0,0,0,0,0,192356,336676,336676,336676,337496,192352,0,93680,93972,0,0,0,0,0,0,0,0,0,0,0,5255932,0,0,0,0,0,5984640,0,0,0,0,0,15540,480788,126320,0,113292,0,126092,126092,126092,126092,126092,126092,126092,126092,113152,113152,113152,113152,113152,113152,113152,113152,113156,113156,113156,113156,113156,113156,113156,113156,113156,107912,59084,107904,107976,107964,108496,113156,113152,4328,135144,0,245916,107896,0,0,0,0,290912,0,0,0,0,0,0,0,0,0,0,107896,107896,0,0,0,0,0,0,0,0,0,0,0,0,0,0,0,0,0,0,0,0,0,0,0,0,0,0,0,0,0,0,0,0,25940,299088,382740,0,623488,0,0,0,0,0,0,0,0,0,0,0,102204,102204,976308,0,0,0,0,0,0,0,570276,570276,570276,570276,570276,44792,92324,444708,0,385304,44788,92324,578508,536000,13936,38632,395788,309452,0,359524,53168,364768,36976,129612,0,1229968,497396,129352,149996,403312,364712,436072,320072,396332,358192,520232,2121168,0,568788,273208,937228,357440,532016,714680,761568,0,866388,684756,181044,467748,0,475240,391276,614936,416152,317576,414812,1178104,640596,1160260,0,333288,0,235172,589676,778328,8448,116968,369856,0,113152,596388,1124824,107916,107916,6456,478760,6456,129700,0,495152,844312,461896,839464,0,483016,0,44792,92324,0,0,0,44792,0,92324,0,0,0,0,0,0,0,0,0,0,0,0,0,0,0,0,116968,78436,0,857332,856276,0,0,876244,0,0,116856,0,0,0,0,0,0,0,0,0,0,0,0,0,0,0
1424904553000,53216,0,0,0,980920,0,91768,106952,46424,93784,0,0,0,0,0,0,0,0,0,0,0,0,0,0,0,0,0,0,0,0,0,0,0,0,0,0,0,0,0,0,0,0,0,0,51192,16776,80216,26208,30200,329616,373104,0,164620,212024,209556,209556,249612,42004,4300,30296,19140,197664,44064,7488,26564,34700,38572,0,6476,100644,30036,108332,0,0,0,0,314884,397888,448196,53312,0,116968,123184,0,116968,713988,116856,522444,204976,116976,2098588,16032,37156,181212,0,1908196,24084,944824,314820,1138000,0,0,0,27696,82824,0,336676,0,46576,0,0,0,0,0,192356,336676,336676,336676,337496,192352,0,93680,93972,0,0,0,0,0,0,0,0,0,0,0,5075620,0,0,0,0,0,5984640,0,0,0,0,0,15540,480788,126320,0,113292,0,126092,126092,126092,126092,126092,126092,126092,126092,113152,113152,113152,113152,113152,113152,113152,113152,113156,113156,113156,113156,113156,113156,113156,113156,113156,107912,59084,107904,107976,107964,108496,113156,113152,4328,135144,0,245916,107896,0,0,0,0,290912,0,0,0,0,0,0,0,0,0,0,0,0,107896,107896,0,0,0,0,0,0,0,0,0,0,0,0,0,0,0,0,0,0,0,0,0,0,0,0,0,0,0,0,0,0,25940,299088,382740,0,623488,0,0,0,0,0,0,0,0,0,0,0,102204,102204,976308,0,0,0,0,0,0,0,570276,570276,570276,570276,570276,44792,92324,444708,0,385304,44788,92324,578508,536000,13936,38632,395788,309452,0,359524,53168,364768,36976,129612,0,1229968,497396,129352,149996,403312,364712,436072,320072,396332,358192,520232,2121168,0,568788,273208,937228,357440,532016,714680,761568,0,866388,684756,181044,467748,0,475240,391276,614936,416152,317576,414812,1178104,640596,1160260,0,333288,0,235172,589676,778328,8448,116968,369856,0,113152,596388,1124824,107916,107916,6456,478760,6456,129700,0,495152,844312,461896,839464,0,483016,0,44792,92324,0,0,0,44792,0,92324,0,0,0,0,0,0,0,0,0,0,0,0,0,0,0,0,116968,78436,0,857332,856276,0,0,876244,0,0,116856,0,0,0,0,0,0,0,0,0,0,0,0,0,0,0
1424904556000,53216,0,0,0,980920,0,91768,106952,46424,93784,0,0,0,0,0,0,0,0,0,0,0,0,0,0,0,0,0,0,0,0,0,0,0,0,0,0,0,0,0,0,0,0,0,0,51192,16776,80216,26208,30200,329616,373104,0,164620,212024,209556,209556,249612,42004,4300,30296,19140,197664,44064,7488,26564,34700,38572,0,6476,100644,30036,108328,0,0,0,0,314884,397888,448196,53312,0,116968,123184,0,116968,713988,116856,522444,204976,116976,2098588,16032,37156,181212,0,1908196,24084,944824,314820,1138000,0,0,0,27696,82824,0,336676,0,46576,0,0,0,0,0,192356,336676,336676,336676,337496,192352,0,93680,93972,0,0,0,0,0,0,0,0,0,0,0,5075620,0,0,0,0,0,5984640,0,0,0,0,0,15540,480788,126320,0,113292,0,126092,126092,126092,126092,126092,126092,126092,126092,113152,113152,113152,113152,113152,113152,113152,113152,113156,113156,113156,113156,113156,113156,113156,113156,113156,107912,59084,107904,107976,107964,108496,113156,113152,4328,135144,0,245916,107896,0,0,0,0,290912,0,0,0,0,0,0,0,0,0,0,0,0,0,0,107896,107896,0,0,0,0,0,0,0,0,0,0,0,0,0,0,0,0,0,0,0,0,0,0,0,0,0,0,0,0,25940,299088,382740,0,623536,0,0,0,0,0,0,0,0,0,0,0,102204,102204,976308,0,0,0,0,0,0,0,570276,570276,570276,570276,570276,44792,92324,444708,0,385304,44788,92324,578508,536000,13936,38632,395788,309452,0,359524,53168,364768,36976,129612,0,1229968,497396,129352,149996,403312,364712,436072,320072,396332,358192,520232,2121168,0,568788,273208,937228,357440,532016,714680,761568,0,866388,684756,181044,467748,0,475240,391276,614936,416152,317576,414812,1178104,640596,1160260,0,333288,0,235172,589676,778328,8448,116968,369856,0,113152,596388,1124824,107916,107916,6456,478760,6456,129700,0,495152,844312,461896,839464,0,483016,0,44792,92324,0,0,0,44792,0,92324,0,0,0,0,0,0,0,0,0,0,0,0,0,0,0,0,116968,78436,0,857332,856276,0,0,876244,0,0,116856,0,0,0,0,0,0,0,0,0,0,0,0,0,0,0
1424904559000,53216,0,0,0,980920,0,91768,106952,46424,93784,0,0,0,0,0,0,0,0,0,0,0,0,0,0,0,0,0,0,0,0,0,0,0,0,0,0,0,0,0,0,0,0,0,0,51192,16776,80216,26208,30200,329616,373104,0,164620,212024,209556,209556,249612,42004,4300,30296,19140,197664,44064,7488,26564,34700,38572,0,6476,100644,30036,108328,0,0,0,0,314884,397888,448196,53312,0,116968,123184,0,116968,713988,116856,522444,204976,116976,2098588,16032,37156,181212,0,1908260,24084,944824,314820,1138000,0,0,0,27696,82824,0,336676,0,46576,0,0,0,0,0,192356,336676,336676,336676,337496,192352,0,93680,93972,0,0,0,0,0,0,0,0,0,0,0,5075620,0,0,0,0,0,5984640,0,0,0,0,0,15540,480788,126320,0,113292,0,126092,126092,126092,126092,126092,126092,126092,126092,113152,113152,113152,113152,113152,113152,113152,113152,113156,113156,113156,113156,113156,113156,113156,113156,113156,107912,59084,107904,107976,107964,108496,113156,113152,4328,135144,0,245916,107896,0,0,0,0,290912,0,0,0,0,0,0,0,0,0,0,0,0,0,0,0,0,107896,107896,0,0,0,0,0,0,0,0,0,0,0,0,0,0,0,0,0,0,0,0,0,0,0,0,0,0,25940,299088,382740,0,623756,0,0,0,0,0,0,0,0,0,0,0,102204,102204,976308,0,0,0,0,0,0,0,570276,570276,570276,570276,570276,44792,92324,444708,0,385304,44788,92324,578508,536000,13936,38632,395788,309452,0,359524,53168,364768,36976,129612,0,1229968,497752,129352,149996,403312,364712,436072,320072,396332,358192,520232,2123844,0,568788,273208,937228,357440,532016,714680,761568,0,866388,684756,181044,467748,0,475240,391276,614936,416152,317576,414812,1178104,640596,1160260,0,333288,0,235172,589676,778328,8448,116968,369856,0,113152,596388,1124824,107916,107916,6456,478760,6456,129700,0,495152,844312,461896,839464,0,483016,0,44792,92324,0,0,0,44792,0,92324,0,0,0,0,0,0,0,0,0,0,0,0,0,0,0,0,116968,78436,0,857332,856276,0,0,876244,0,0,116856,0,0,0,0,0,0,0,0,0,0,0,0,0,0,0
1424904562000,53216,0,0,0,980920,0,91768,106952,46424,93784,0,0,0,0,0,0,0,0,0,0,0,0,0,0,0,0,0,0,0,0,0,0,0,0,0,0,0,0,0,0,0,0,0,0,51192,16776,80216,26208,30200,329616,373104,0,164620,212024,209556,209556,249612,42004,4300,30296,19140,197664,44064,7488,26564,34700,38572,0,6476,100644,30036,108328,0,0,0,0,314884,397888,448196,53312,0,116968,123184,0,116968,713988,116856,522444,204976,116976,2098588,16032,37156,181212,0,1908260,24084,944824,314820,1138000,0,0,0,27696,82824,0,336676,0,46576,0,0,0,0,0,192356,336676,336676,336676,337496,192352,0,93680,93972,0,0,0,0,0,0,0,0,0,0,0,5075620,0,0,0,0,0,5984640,0,0,0,0,0,15540,480788,126320,0,113292,0,126092,126092,126092,126092,126092,126092,126092,126092,113152,113152,113152,113152,113152,113152,113152,113152,113156,113156,113156,113156,113156,113156,113156,113156,113156,107912,59084,107904,107976,107964,108496,113156,113152,4328,135144,0,245916,107896,0,0,0,0,290912,0,0,0,0,0,0,0,0,0,0,0,0,0,0,0,0,0,0,107896,107896,0,0,0,0,0,0,0,0,0,0,0,0,0,0,0,0,0,0,0,0,0,0,0,0,25940,299088,382740,0,623500,0,0,0,0,0,0,0,0,0,0,0,102204,102204,976308,0,0,0,0,0,0,0,570276,570276,570276,570276,570276,44792,92324,444708,0,385304,44788,92324,578508,536000,13936,38632,395788,309452,0,359524,53168,364768,36976,129612,0,1229968,497752,129352,149996,403312,364712,436072,320072,396332,358192,520232,2123452,0,568788,273208,937228,357440,532016,714680,761568,0,866388,684756,181044,467748,0,475240,391276,614936,416152,317576,414812,1178104,640596,1160260,0,333288,0,235172,589676,778328,8448,116968,369856,0,113152,596388,1124824,107916,107916,6456,478760,6456,129700,0,495152,844312,461896,839464,0,483016,0,44792,92324,0,0,0,44792,0,92324,0,0,0,0,0,0,0,0,0,0,0,0,0,0,0,0,116968,78436,0,857332,856276,0,0,876244,0,0,116856,0,0,0,0,0,0,0,0,0,0,0,0,0,0,0
1424904565000,53216,0,0,0,980920,0,91768,106952,46424,93784,0,0,0,0,0,0,0,0,0,0,0,0,0,0,0,0,0,0,0,0,0,0,0,0,0,0,0,0,0,0,0,0,0,0,51192,16776,80216,26208,30200,329616,373104,0,164620,212024,209556,209556,249612,42004,4300,30296,19140,197664,44064,7488,26564,34700,38572,0,6476,100644,30036,108328,0,0,0,0,314884,397888,448196,53312,0,116968,123184,0,116968,713988,116856,522444,204976,116976,2098588,16032,37156,181212,0,1908260,24084,944824,314820,1138000,0,0,0,27696,82824,0,336676,0,46576,0,0,0,0,0,192356,336676,336676,336676,337496,192352,0,93680,93972,0,0,0,0,0,0,0,0,0,0,0,5075620,0,0,0,0,0,5984640,0,0,0,0,0,15540,480788,126320,0,113292,0,126092,126092,126092,126092,126092,126092,126092,126092,113152,113152,113152,113152,113152,113152,113152,113152,113156,113156,113156,113156,113156,113156,113156,113156,113156,107912,59084,107904,107976,107964,108496,113156,113152,4328,135144,0,245916,107896,0,0,0,0,290912,0,0,0,0,0,0,0,0,0,0,0,0,0,0,0,0,0,0,0,0,107896,107896,0,0,0,0,0,0,0,0,0,0,0,0,0,0,0,0,0,0,0,0,0,0,25940,299088,382740,0,626140,0,0,0,0,0,0,0,0,0,0,0,102204,102204,975284,0,0,0,0,0,0,0,570276,570276,570276,570276,570276,44792,92324,444708,0,385304,44788,92324,578508,536000,13936,38632,395788,309452,0,359524,53168,364768,36976,129612,0,1229968,497396,129352,149996,403312,364712,436072,320072,396332,358192,520232,2123664,0,568788,273208,937228,357440,532016,714680,761568,0,866388,684756,181044,467748,0,475372,391276,614936,416152,317576,414812,1178104,640596,1160260,0,333288,0,235172,589676,778328,8448,116968,369856,0,113152,596388,1124824,107916,107916,6456,478760,6456,129700,0,495152,844312,461896,839464,0,483016,0,44792,92324,0,0,0,44792,0,92324,0,0,0,0,0,0,0,0,0,0,0,0,0,0,0,0,116968,78436,0,857332,856276,0,0,876244,0,0,116856,0,0,0,0,0,0,0,0,0,0,0,0,0,0,0
1424904568000,53216,0,0,0,980920,0,91768,106952,46424,93784,0,0,0,0,0,0,0,0,0,0,0,0,0,0,0,0,0,0,0,0,0,0,0,0,0,0,0,0,0,0,0,0,0,0,51192,16776,80216,26208,30200,329616,373104,0,164620,212024,209556,209556,249612,42004,4300,30296,19140,197664,44064,7488,26564,34700,38572,0,6476,100644,30036,108328,0,0,0,0,314884,397888,448196,53312,0,116968,123184,0,116968,713988,116856,522444,204976,116976,1830672,16032,37156,181212,0,1908260,24084,944824,314820,1138000,0,0,0,27696,82824,0,336676,0,46576,0,0,0,0,0,192356,336676,336676,336676,337496,192352,0,93680,93972,0,0,0,0,0,0,0,0,0,0,0,5075620,0,0,0,0,0,5976444,0,0,0,0,0,15540,480788,126320,0,113292,0,126092,126092,126092,126092,126092,126092,126092,126092,113152,113152,113152,113152,113152,113152,113152,113152,113156,113156,113156,113156,113156,113156,113156,113156,113156,107912,59084,107904,107976,107964,108496,113156,113152,4328,135144,0,245916,107896,0,0,0,0,290912,0,0,0,0,0,0,0,0,0,0,0,0,0,0,0,0,0,0,0,0,0,0,107896,107896,0,0,0,0,0,0,0,0,0,0,0,0,0,0,0,0,0,0,0,0,25940,299088,382740,0,626160,0,0,0,0,0,0,0,0,0,0,0,102204,102204,975284,0,0,0,0,0,0,0,570276,570276,570276,570276,570276,44792,92324,444708,0,385304,44788,92324,578508,536000,13936,38632,395788,309452,0,359524,53168,364768,36976,129612,0,1229968,497752,129352,149996,403312,364712,436072,320072,396332,358192,520232,2122568,0,568788,273208,937228,357440,532016,714680,761568,0,866388,684756,181044,467748,0,475372,391276,614936,416152,317576,414812,1178104,640596,1160260,0,333288,0,235172,589676,778328,8448,116968,369856,0,113152,596388,1124824,107916,107916,6456,478760,6456,129700,0,495152,844312,461896,839464,0,483016,0,44792,92324,0,0,0,44792,0,92324,0,0,0,0,0,0,0,0,0,0,0,0,0,0,0,0,116968,78436,0,857332,856276,0,0,876244,0,0,116856,0,0,0,0,0,0,0,0,0,0,0,0,0,0,0
1424904571000,53216,0,0,0,980920,0,91768,106952,46424,93784,0,0,0,0,0,0,0,0,0,0,0,0,0,0,0,0,0,0,0,0,0,0,0,0,0,0,0,0,0,0,0,0,0,0,51192,16776,80216,26208,30200,329616,373104,0,164620,212024,209556,209556,249612,42004,4300,30296,19140,197664,44064,7488,26564,34700,38572,0,6476,100644,30036,108328,0,0,0,0,314884,397888,448196,53312,0,116968,123184,0,116968,713988,116856,522444,204976,116976,0,16032,37156,181212,0,1908260,24084,944824,314820,1138000,0,0,0,27696,82824,0,336676,0,46576,0,0,0,0,0,192356,336676,336676,336676,337496,192352,0,93680,93972,0,0,0,0,0,0,0,0,0,0,0,5075620,0,0,0,0,0,5976444,0,0,0,0,0,15540,480788,126320,0,113292,0,126092,126092,126092,126092,126092,126092,126092,126092,113152,113152,113152,113152,113152,113152,113152,113152,113156,113156,113156,113156,113156,113156,113156,113156,113156,107912,59084,107904,107976,107964,108496,113156,113152,4328,135144,0,245916,107896,0,0,0,0,290912,0,0,0,0,0,0,0,0,0,0,0,0,0,0,0,0,0,0,0,0,0,0,0,0,107896,107896,0,0,0,0,0,0,0,0,0,0,0,0,0,0,0,0,0,0,25940,299088,382740,0,583604,0,0,0,0,0,0,0,0,0,0,0,102204,102204,976308,0,0,0,0,0,0,0,570276,570276,570276,570276,570276,44792,92324,444708,0,385304,44788,92324,578508,536000,13936,38632,395788,309452,0,359524,53168,364768,36976,129612,0,1229968,497752,129352,149996,403312,364712,436072,320072,396332,358192,520232,2121816,0,568788,273208,937228,357440,532016,714680,761568,0,866388,684756,181044,467748,0,475372,391276,614936,416152,317576,414812,1178104,640596,1160260,0,333288,0,235172,589676,778328,8448,116968,369856,0,113152,596388,1124824,107916,107916,6456,478760,6456,129700,0,495152,844312,461896,839464,0,483016,0,44792,92324,0,0,0,44792,0,92324,0,0,0,0,0,0,0,0,0,0,0,0,0,0,0,0,116968,78436,0,857332,856276,0,0,876244,0,0,116856,0,0,0,0,0,0,0,0,0,0,0,0,0,0,0
1424904574000,53216,0,0,0,980920,0,91768,106952,46424,93784,0,0,0,0,0,0,0,0,0,0,0,0,0,0,0,0,0,0,0,0,0,0,0,0,0,0,0,0,0,0,0,0,0,0,51192,16776,80216,26208,30200,329616,373104,0,164620,212024,209556,209556,249612,42004,4300,30296,19140,197664,44064,7488,26564,34700,38572,0,6476,100644,30036,108328,0,0,0,0,314884,397888,448196,53312,0,116968,123184,0,116968,713988,116856,522444,204976,116976,0,16032,37156,181212,0,1908260,24084,944824,314820,1138000,0,0,0,27696,82824,0,336676,0,46576,0,0,0,0,0,192356,336676,336676,336676,337496,192352,0,93680,93972,0,0,0,0,0,0,0,0,0,0,0,5075620,0,0,0,0,0,5976444,0,0,0,0,0,15540,480788,126320,0,113292,0,126092,126092,126092,126092,126092,126092,126092,126092,113152,113152,113152,113152,113152,113152,113152,113152,113156,113156,113156,113156,113156,113156,113156,113156,113156,107912,59084,107904,107976,107964,108496,113156,113152,4328,135144,0,245916,107896,0,0,0,0,290912,0,0,0,0,0,0,0,0,0,0,0,0,0,0,0,0,0,0,0,0,0,0,0,0,0,0,107896,107896,0,0,0,0,0,0,0,0,0,0,0,0,0,0,0,0,25940,299088,382740,0,582608,0,0,0,0,0,0,0,0,0,0,0,102204,102204,976308,0,0,0,0,0,0,0,570276,570276,570276,570276,570276,44792,92324,444708,0,385304,44788,92324,578508,536000,13936,38632,395788,309452,0,359524,53168,364768,36976,129612,0,1229968,497396,129352,149996,403312,364712,436072,320072,396332,358192,520232,2121704,0,568788,273208,937228,357440,532016,714680,761568,0,866388,684756,181044,467748,0,475372,391276,614936,416152,317576,414812,1178104,640596,1160260,0,333288,0,235172,589676,778328,8448,116968,369856,0,113152,596392,1124824,107916,107916,6456,478760,6456,129700,0,495152,844312,461896,839464,0,483016,0,44792,92324,0,0,0,44792,0,92324,0,0,0,0,0,0,0,0,0,0,0,0,0,0,0,0,116968,78436,0,857332,856276,0,0,876244,0,0,116856,0,0,0,0,0,0,0,0,0,0,0,0,0,0,0
1424904577000,53216,0,0,0,980920,0,91768,106952,46424,93784,0,0,0,0,0,0,0,0,0,0,0,0,0,0,0,0,0,0,0,0,0,0,0,0,0,0,0,0,0,0,0,0,0,0,51192,16776,80216,26208,30200,329616,373104,0,164620,212024,209556,209556,249612,42004,4300,30296,19140,197664,44064,7488,26564,34700,38572,0,6476,100644,30036,108328,0,0,0,0,314884,397888,448196,53312,0,116968,123184,0,116968,713988,116856,522444,204976,116976,0,16032,37156,181212,0,1908260,24084,944824,314820,1138000,0,0,0,27696,82824,0,336676,0,46576,0,0,0,0,0,192356,336676,336676,336676,337496,192352,0,93680,93972,0,0,0,0,0,0,0,0,0,0,0,5075620,0,0,0,0,0,5976444,0,0,0,0,0,15540,480788,126320,0,113292,0,126092,126092,126092,126092,126092,126092,126092,126092,113152,113152,113152,113152,113152,113152,113152,113152,113156,113156,113156,113156,113156,113156,113156,113156,113156,107912,59084,107904,107976,107964,108496,113156,113152,4328,135144,0,245916,107896,0,0,0,0,290912,0,0,0,0,0,0,0,0,0,0,0,0,0,0,0,0,0,0,0,0,0,0,0,0,0,0,0,0,107896,107896,0,0,0,0,0,0,0,0,0,0,0,0,0,0,25940,299088,382740,0,582836,0,0,0,0,0,0,0,0,0,0,0,102204,102204,976308,0,0,0,0,0,0,0,570276,570276,570276,570276,570276,44792,92324,444708,0,385304,44788,92324,578508,536000,13936,38632,395788,309452,0,359524,53168,364768,36976,129612,0,1229968,497396,129352,149996,403312,364712,436072,320072,396332,358192,520232,2121700,0,568788,273208,937228,357440,532016,714680,761568,0,866388,684756,181044,467748,0,475372,391276,614936,416152,317576,414812,1178104,640596,1160260,0,333288,0,235172,589676,778328,8448,116968,369856,0,113152,596392,1124824,107916,107916,6456,478760,6456,129700,0,495152,844312,461896,839464,0,483016,0,44792,92324,0,0,0,44792,0,92324,0,0,0,0,0,0,0,0,0,0,0,0,0,0,0,0,116968,78436,0,857332,856276,0,0,876244,0,0,116856,0,0,0,0,0,0,0,0,0,0,0,0,0,0,0
1424904580000,53216,0,0,0,980920,0,91768,106952,46424,93784,0,0,0,0,0,0,0,0,0,0,0,0,0,0,0,0,0,0,0,0,0,0,0,0,0,0,0,0,0,0,0,0,0,0,51192,16776,80216,26208,30200,329616,373104,0,164620,212024,209556,209556,249612,42004,4300,30296,19140,197664,44064,7488,26564,34700,38572,0,6476,100644,30036,108328,0,0,0,0,314884,397888,448196,53312,0,116968,123184,0,116968,713988,116856,522444,204976,116976,0,16032,37156,181212,0,1908260,24084,944824,314820,1138000,0,0,0,27696,82824,0,336676,0,46576,0,0,0,0,0,192356,336676,336676,336676,337496,192352,0,93680,93972,0,0,0,0,0,0,0,0,0,0,0,5075620,0,0,0,0,0,5976444,0,0,0,0,0,15540,480788,126320,0,113292,0,126092,126092,126092,126092,126092,126092,126092,126092,113152,113152,113152,113152,113152,113152,113152,113152,113156,113156,113156,113156,113156,113156,113156,113156,113156,107912,59084,107904,107976,107964,108496,113156,113152,4328,135144,0,245916,107896,0,0,0,0,290912,0,0,0,0,0,0,0,0,0,0,0,0,0,0,0,0,0,0,0,0,0,0,0,0,0,0,0,0,0,0,107896,107896,0,0,0,0,0,0,0,0,0,0,0,0,25940,299088,382740,0,582844,0,0,0,0,0,0,0,0,0,0,0,102204,102204,976308,0,0,0,0,0,0,0,570276,570276,570276,570276,570276,44792,92324,444708,0,385304,44788,92324,578508,536000,13936,38632,395788,309452,0,359524,53168,364768,36976,129612,0,1229968,497396,129352,149996,403312,364712,436072,320072,396332,358192,520232,2121624,0,568788,273208,937228,357440,532016,714680,761568,0,866388,684756,181044,467748,0,475372,391276,614936,416152,317576,414812,1178104,640596,1160260,0,333288,0,235172,589676,778328,8448,116968,369856,0,113152,596392,1124824,107916,107916,6456,478760,6456,129700,0,495152,844312,461896,839464,0,483016,0,44792,92324,0,0,0,44792,0,92324,0,0,0,0,0,0,0,0,0,0,0,0,0,0,0,0,116968,78436,0,857332,856276,0,0,876244,0,0,116856,0,0,0,0,0,0,0,0,0,0,0,0,0,0,0
1424904583000,53216,0,0,0,980920,0,91768,106952,46424,93784,0,0,0,0,0,0,0,0,0,0,0,0,0,0,0,0,0,0,0,0,0,0,0,0,0,0,0,0,0,0,0,0,0,0,51192,16776,80216,26208,30200,329616,373104,0,164620,212024,209556,209556,249612,42004,4300,30296,19140,197664,44064,7488,26564,34700,38572,0,6476,100644,30036,108328,0,0,0,0,314884,397888,448196,53312,0,116968,123184,0,116968,713988,116856,522444,204976,116976,0,16032,37156,181212,0,1908260,24084,944824,314820,1138000,0,0,0,27696,82824,0,336676,0,46576,0,0,0,0,0,192356,336676,336676,336676,337496,192352,0,93680,93972,0,0,0,0,0,0,0,0,0,0,0,5067424,0,0,0,0,0,5976444,0,0,0,0,0,15540,480788,126320,0,113292,0,126092,126092,126092,126092,126092,126092,126092,126092,113152,113152,113152,113152,113152,113152,113152,113152,113156,113156,113156,113156,113156,113156,113156,113156,113156,107912,59084,107904,107976,107964,108496,113156,113152,4328,135144,0,245916,107896,0,0,0,0,290912,0,0,0,0,0,0,0,0,0,0,0,0,0,0,0,0,0,0,0,0,0,0,0,0,0,0,0,0,0,0,0,0,107896,107896,78436,0,0,0,0,0,0,0,0,0,25940,299088,382740,0,582956,0,0,0,0,0,0,0,0,0,0,0,102204,102204,976308,0,0,0,0,0,0,0,570276,570276,570276,570276,570276,44792,92324,444708,0,385304,44788,92324,578508,536000,13936,38632,395788,309452,0,359524,53168,364768,36976,129612,0,1229968,497396,129352,149996,403312,364712,436072,320072,396332,358192,520232,2121632,0,568788,273208,937228,357440,532016,714680,761568,0,866388,684756,181044,467748,0,475372,391276,614936,416152,317576,414812,1178104,640596,1160260,0,333288,0,235172,589676,778328,8448,116968,369856,0,113152,596392,1124824,107916,107916,6456,478760,6456,129700,0,495152,844312,461896,839464,0,483016,0,44792,92324,0,0,0,44792,0,92324,0,0,0,0,0,0,0,0,0,0,0,0,0,0,0,0,116968,78436,0,857332,856276,0,0,876244,0,0,116856,0,0,0,0,0,0,0,0,0,0,0,0,0,0,0
1424904586000,53216,0,0,0,980920,0,91768,106952,46424,93784,0,0,0,0,0,0,0,0,0,0,0,0,0,0,0,0,0,0,0,0,0,0,0,0,0,0,0,0,0,0,0,0,0,0,51192,16776,80216,26208,30200,329616,373104,0,164620,212024,209556,209556,249612,42004,4300,30296,19140,197664,44064,7488,26564,34700,38572,0,6476,100644,30036,108328,0,0,0,0,314884,397888,448196,53312,0,116968,123184,0,116968,713988,116856,522444,204976,116976,0,16032,37156,181212,0,1908260,24084,944824,314820,1138000,0,0,0,27696,82824,0,336676,0,46576,0,0,0,0,0,192356,336676,336676,336676,337496,192352,0,93680,93972,0,0,0,0,0,0,0,0,0,0,0,5067424,0,0,0,0,0,5976444,0,0,0,0,0,15540,480788,126320,0,113292,0,126092,126092,126092,126092,126092,126092,126092,126092,113152,113152,113152,113152,113152,113152,113152,113152,113156,113156,113156,113156,113156,113156,113156,113156,113156,107912,59084,107904,107976,107964,108496,113156,113152,4328,135144,0,245916,107896,0,0,0,0,290912,0,0,0,0,0,0,0,0,0,0,0,0,0,0,0,0,0,0,0,0,0,0,0,0,0,0,0,0,0,0,0,0,0,0,78436,107896,107896,0,0,0,0,0,0,0,25940,299088,382740,0,582608,0,0,0,0,0,0,0,0,0,0,0,102204,102204,976308,0,0,0,0,0,0,0,570276,570276,570276,570276,570276,44792,92324,444708,0,385304,44788,92324,578508,536000,13936,38632,395788,309452,0,359524,53168,364768,36976,129612,0,1229968,497396,129352,149996,403312,364712,436072,320072,396332,358192,520232,2121624,0,568788,273208,937228,357440,532016,714680,761568,0,866388,684756,181044,467748,0,475372,391276,614936,416152,317576,414812,1178104,640596,1160260,0,333288,0,235172,589676,778328,8448,116968,369856,0,113152,596392,1124824,107916,107916,6456,478760,6456,129700,0,495152,844312,461896,839464,0,483016,0,44792,92324,0,0,0,44792,0,92324,0,0,0,0,0,0,0,0,0,0,0,0,0,0,0,0,116968,78436,0,857332,856276,0,0,876244,0,0,116856,0,0,0,0,0,0,0,0,0,0,0,0,0,0,0
1424904589000,53216,0,0,0,980920,0,91768,106952,46424,93784,0,0,0,0,0,0,0,0,0,0,0,0,0,0,0,0,0,0,0,0,0,0,0,0,0,0,0,0,0,0,0,0,0,0,51192,16776,80216,26208,30200,329616,373104,0,164620,212024,209556,209556,249612,42004,4300,30296,19140,197664,44064,7488,26564,34700,38572,0,6476,100644,30036,108328,0,0,0,0,314884,397888,448196,53312,0,116968,123184,0,116968,713988,116856,522444,204976,116976,0,16032,37156,181212,0,1908260,24084,944824,314820,1138000,0,0,0,27696,82824,0,336676,0,46576,0,0,0,0,0,192356,336676,336676,336676,337496,192352,0,93680,93972,0,0,0,0,0,0,0,0,0,0,0,5067424,0,0,0,0,0,5976444,0,0,0,0,0,15540,480788,126320,0,113292,0,126092,126092,126092,126092,126092,126092,126092,126092,113152,113152,113152,113152,113152,113152,113152,113152,113156,113156,113156,113156,113156,113156,113156,113156,113156,107912,59084,107904,107976,107964,108496,113156,113152,4328,135144,0,245916,107896,0,0,0,0,290912,0,0,0,0,0,0,0,0,0,0,0,0,0,0,0,0,0,0,0,0,0,0,0,0,0,0,0,0,0,0,0,0,0,0,78436,0,0,107896,107896,0,0,0,0,0,25940,299088,382740,0,582608,0,0,0,0,0,0,0,0,0,0,0,102204,102204,976308,0,0,0,0,0,0,0,570276,570276,570276,570276,570276,44792,92324,444708,0,385304,44788,92324,578508,536000,13936,38632,395788,309452,0,359524,53168,364768,36976,129612,0,1229968,497396,129352,149996,403312,364712,436072,320072,396332,358192,520232,2121624,0,568788,273208,937228,357440,532016,714680,761568,0,866388,684756,181044,467748,0,475372,391276,614936,416152,317576,414812,1178104,640596,1160260,0,333288,0,235172,589676,778328,8448,116968,369856,0,113152,596392,1124824,107916,107916,6456,478760,6456,129700,0,495152,844312,461896,839464,0,483016,0,44792,92324,0,0,0,44792,0,92324,0,0,0,0,0,0,0,0,0,0,0,0,0,0,0,0,116968,78436,0,857332,856276,0,0,876244,0,0,116856,0,0,0,0,0,0,0,0,0,0,0,0,0,0,0
1424904592000,53216,0,0,0,980920,0,91768,106952,46424,93784,0,0,0,0,0,0,0,0,0,0,0,0,0,0,0,0,0,0,0,0,0,0,0,0,0,0,0,0,0,0,0,0,0,0,51192,16776,80216,26208,30200,329616,373104,0,164620,212024,209556,209556,249612,42004,4300,30296,19140,197664,44064,7488,26564,34700,38572,0,6476,100644,30036,108328,0,0,0,0,314884,397888,448196,53312,0,116968,123184,0,116968,713988,116856,522444,204976,116976,0,16032,37156,181212,0,1908260,24084,944824,314820,1138000,0,0,0,27696,82824,0,336676,0,46576,0,0,0,0,0,192356,336676,336676,336676,337496,192352,0,93680,93972,0,0,0,0,0,0,0,0,0,0,0,5067424,0,0,0,0,0,5976444,0,0,0,0,0,15540,480788,126320,0,113292,0,126092,126092,126092,126092,126092,126092,126092,126092,113152,113152,113152,113152,113152,113152,113152,113152,113156,113156,113156,113156,113156,113156,113156,113156,113156,107912,59084,107904,107976,107964,108496,113156,113152,4328,135144,0,245916,107896,0,0,0,0,290912,0,0,0,0,0,0,0,0,0,0,0,0,0,0,0,0,0,0,0,0,0,0,0,0,0,0,0,0,0,0,0,0,0,0,78436,0,0,0,0,107896,107896,0,0,0,25940,299088,382740,0,582608,0,0,0,0,0,0,0,0,0,0,0,102204,102204,976308,0,0,0,0,0,0,0,570276,570276,570276,570276,570276,44792,92324,444708,0,385304,44788,92324,578508,536000,13936,38632,395788,309452,0,359524,53168,364768,36976,129612,0,1229968,497396,129352,149996,403312,364712,436072,320072,396332,358192,520232,2121624,0,568788,273208,937228,357440,532016,714680,761568,0,866388,684756,181044,467748,0,475372,391276,614936,416152,317576,414812,1178104,640596,1160260,0,333288,0,235172,589676,778328,8448,116968,369856,0,113152,596392,1124824,107916,107916,6456,478760,6456,129700,0,495152,844312,461896,839464,0,483016,0,44792,92324,0,0,0,44792,0,92324,0,0,0,0,0,0,0,0,0,0,0,0,0,0,0,0,116968,78436,0,857332,856276,0,0,876244,0,0,116856,0,0,0,0,0,0,0,0,0,0,0,0,0,0,0
