timestamp_ms,count,deleted
1485174277486,0,0
1485174280540,0,0
1485174283549,0,0
1485174286556,0,0
1485174289616,22,0
1485174292622,193,0
1485174295628,278,0
1485174298635,356,0
1485174301642,514,0
1485174304653,514,0
1485174307661,711,0
1485174310670,720,0
1485174313718,789,0
1485174316739,1150,0
1485174319776,1174,0
1485174322802,1361,0
1485174325816,1489,0
1485174328837,1489,0
1485174331867,1674,0
1485174334878,1815,0
1485174337892,1815,0
1485174340910,2021,0
1485174343937,2296,0
1485174346964,2296,0
1485174350020,2305,0
1485174353033,2533,0
1485174356144,2777,0
1485174359211,2777,0
1485174362233,2777,0
1485174365284,2953,0
1485174368552,3093,0
1485174371588,3145,0
1485174374651,3145,0
1485174377665,3308,0
1485174380715,3519,0
1485174383767,3554,0
1485174386931,3812,0
1485174389945,3923,0
1485174392962,4006,0
1485174395984,4006,0
1485174399024,4083,0
1485174402183,4250,0
1485174405284,4267,0
1485174408326,4367,0
1485174411559,4396,0
1485174414599,4453,0
1485174417676,4569,0
1485174421112,4675,0
1485174424193,4727,0
1485174427304,4793,0
1485174430471,4851,0
1485174433583,4924,0
1485174436599,5059,0
1485174439629,5185,0
1485174442675,5339,0
1485174445735,5403,0
1485174448747,5480,0
1485174451896,5521,0
1485174455014,5601,0
1485174458123,5731,0
1485174461219,5814,0
1485174464677,5882,0
1485174468425,6071,0
1485174471450,6139,0
1485174474652,6226,0
1485174477671,6310,0
1485174480683,6401,0
1485174483713,6502,0
1485174486727,6539,0
1485174489806,6663,0
1485174492825,6762,0
1485174496120,6868,0
1485174499222,6960,0
1485174502370,7154,0
1485174505466,7227,0
1485174508509,7274,0
1485174511524,7347,0
1485174514539,7465,0
1485174517555,7566,0
1485174520574,7633,0
1485174523622,7744,0
1485174527123,7785,0
1485174530312,7952,0
1485174533333,8036,0
1485174536511,8163,0
1485174539757,8216,0
1485174543076,8250,0
1485174546218,8378,0
1485174549488,8521,0
1485174553100,8634,0
1485174556121,8680,0
1485174559369,8773,0
1485174562389,8860,0
1485174565734,8936,0
1485174568761,9013,0
1485174572019,9163,0
1485174575138,9237,0
1485174578380,9290,0
1485174581502,9370,0
1485174584516,9513,0
1485174587691,9555,0
1485174590951,9748,0
1485174594094,9748,0
1485174597162,9889,0
1485174600231,9962,0
1485174603246,10073,0
1485174606333,10125,0
1485174609562,10221,0
1485174613115,10378,0
1485174616603,10378,0
1485174619961,10533,0
1485174623470,10687,0
1485174626862,10853,0
1485174630110,10853,0
1485174633186,11002,0
1485174636212,11002,0
1485174641475,11183,0
1485174644944,11332,0
1485174647976,11415,0
1485174651219,11518,0
1485174654309,11560,0
1485174657324,11700,0
1485174660354,11737,0
1485174663698,11816,0
1485174666831,11957,0
1485174669885,12022,0
1485174672963,12091,0
1485174676361,12262,0
1485174679460,12339,0
1485174682572,12523,0
1485174685950,12583,0
1485174689331,12670,0
1485174692472,12884,0
1485174695562,13004,0
1485174699071,13158,0
1485174702146,13278,0
1485174706716,13388,0
1485174709893,13533,0
1485174712972,13673,0
1485174716026,13673,0
1485174719762,13856,0
1485174722782,14008,0
1485174725800,14024,0
1485174729321,14174,0
1485174732426,14266,0
1485174735636,14400,0
1485174738668,14476,0
1485174742303,14627,0
1485174745456,14640,0
1485174748478,14805,0
1485174751867,14882,0
1485174755052,14943,0
1485174758307,15018,0
1485174761328,15127,0
1485174764860,15241,0
1485174768032,15297,0
1485174771390,15429,0
1485174774427,15476,0
1485174777489,15547,0
1485174780520,15602,0
1485174783992,15781,0
1485174788792,15873,0
1485174791968,16024,0
1485174795672,16107,0
1485174798968,16230,0
1485174802460,16366,0
1485174805996,16392,0
1485174809071,16580,0
1485174812147,16813,0
1485174815411,16825,0
1485174819951,17025,0
1485174823230,17139,0
1485174826525,17260,0
1485174831473,17349,0
1485174834627,17446,0
1485174837735,17551,0
1485174840844,17653,0
1485174844924,17714,0
1485174848643,17889,0
1485174851917,17951,0
1485174855399,18044,0
1485174858864,18210,0
1485174861890,18240,0
1485174866113,18414,0
1485174870051,18484,0
1485174873141,18552,0
1485174876199,18595,0
1485174880220,18768,0
1485174883509,18872,0
1485174887150,18893,0
1485174890980,19047,0
1485174894264,19047,0
1485174897949,19188,0
1485174901851,19277,0
1485174905161,19424,0
1485174908671,19508,0
1485174912559,19510,0
1485174915951,19570,0
1485174919269,19658,0
1485174922366,19752,0
1485174925445,19904,0
1485174928720,20009,0
1485174931800,20027,0
1485174936219,20114,0
1485174939240,20206,0
1485174942552,20312,0
1485174945855,20398,0
1485174949060,20474,0
1485174952234,20506,0
1485174955653,20630,0
1485174959436,20794,0
1485174962541,20876,0
1485174966053,21037,0
1485174969809,21154,0
1485174972877,21255,0
1485174976257,21422,0
1485174980471,21422,0
1485174983674,21601,0
1485174987021,21678,0
1485174990719,21744,0
1485174993831,21897,0
1485174997107,21995,0
1485175001194,22105,0
1485175004454,22261,0
1485175007476,22409,0
1485175011968,22409,0
1485175015076,22523,0
1485175019611,22720,0
1485175023118,22799,0
1485175026225,22956,0
1485175029864,23082,0
1485175033800,23175,0
1485175036962,23284,0
1485175040704,23366,0
1485175044896,23463,0
1485175048223,23654,0
1485175051864,23683,0
1485175055729,23717,0
1485175059188,23881,0
1485175062475,23967,0
1485175066312,23977,0
1485175069558,24182,0
1485175072744,24246,0
1485175076818,24326,0
1485175080690,24445,0
1485175083748,24472,0
1485175087168,24619,0
1485175090580,24677,0
1485175093674,24827,0
1485175097660,24881,0
1485175100763,24971,0
1485175106374,25168,0
1485175109397,25168,0
1485175112821,25335,0
1485175116516,25510,0
1485175119533,25540,0
1485175122610,25740,0
1485175125825,25740,0
1485175129598,25800,0
1485175132617,25893,0
1485175135675,25967,0
1485175138691,26045,0
1485175143750,26274,0
1485175147204,26371,0
1485175151307,26455,0
1485175154464,26549,0
1485175157863,26703,0
1485175161711,26854,0
1485175164737,26912,0
1485175168063,26977,0
1485175172018,26983,0
1485175175122,27136,0
1485175178511,27275,0
1485175182875,27299,0
1485175186909,27516,0
1485175190004,27587,0
1485175193954,27590,0
1485175197040,27690,0
1485175200639,27717,0
1485175204772,27793,0
1485175207784,27959,0
1485175210846,28092,0
1485175214123,28178,0
1485175217563,28251,0
1485175220702,28391,0
1485175223716,28473,0
1485175226802,28473,0
1485175229964,28547,0
1485175232988,28686,0
1485175236084,28762,0
1485175239574,28916,0
1485175243078,29080,0
1485175246417,29235,0
1485175250126,29237,0
1485175253657,29405,0
1485175257106,29468,0
1485175261428,29575,0
1485175264973,29639,0
1485175267991,29698,0
1485175271403,29731,0
1485175274455,29873,0
1485175277551,29971,0
1485175280590,30022,0
1485175283651,30163,0
1485175286746,30249,0
1485175290123,30340,0
1485175293719,30471,0
1485175297033,30480,0
1485175300775,30689,0
1485175304335,30764,0
1485175307777,30786,0
1485175310953,30962,0
1485175314632,30996,0
1485175318280,31165,0
1485175321546,31302,0
1485175324974,31437,0
1485175328156,31532,0
1485175331854,31546,0
1485175335555,31645,0
1485175338873,31697,0
1485175342125,31800,0
1485175345296,31804,0
1485175348350,32065,0
1485175352854,32160,0
1485175356386,32280,0
1485175359662,32436,0
1485175362924,32601,0
1485175365988,32720,0
1485175369618,32817,0
1485175374039,32922,0
1485175377146,32974,0
1485175380559,33139,0
1485175384466,33170,0
1485175387708,33363,0
1485175391212,33454,0
1485175394826,33554,0
1485175398209,33781,0
1485175401675,33911,0
1485175405372,34086,0
1485175408483,34227,0
1485175411738,34447,0
1485175414868,34699,0
1485175417887,34911,0
1485175420927,35179,0
1485175424034,35307,0
1485175427219,35625,0
1485175430368,35967,0
1485175433549,36101,0
1485175436574,36308,0
1485175439830,36547,0
1485175443182,36712,0
1485175446260,36864,0
1485175449281,36864,0
1485175452466,37097,0
1485175455545,37126,0
1485175458615,37126,0
1485175461628,37243,0
1485175464651,37291,0
1485175467779,37291,0
1485175470799,37461,0
1485175473809,37461,0
1485175476852,37646,0
